{
  "version": 1,
  "author": "Anonymous maker",
  "editor": "wokwi",
  "parts": [
    { "type": "board-esp32-devkit-c-v4", "id": "esp", "top": 0, "left": -139.16, "attrs": {} },
    { "type": "wokwi-led", "id": "led1", "top": -32.4, "left": 32.6, "attrs": { "color": "red" } },
    {
      "type": "wokwi-led",
      "id": "led2",
      "top": -32.4,
      "left": 99.8,
      "attrs": { "color": "yellow" }
    },
    {
      "type": "wokwi-led",
      "id": "led3",
      "top": -32.4,
      "left": 157.4,
      "attrs": { "color": "green" }
    },
    {
      "type": "wokwi-resistor",
      "id": "r1",
      "top": 109.55,
      "left": 67.2,
      "attrs": { "value": "1000" }
    },
    {
      "type": "wokwi-resistor",
      "id": "r2",
      "top": 128.75,
      "left": 124.8,
      "attrs": { "value": "1000" }
    },
    {
      "type": "wokwi-resistor",
      "id": "r3",
      "top": 90.35,
      "left": 0,
      "attrs": { "value": "1000" }
    }
  ],
  "connections": [
    [ "esp:TX", "$serialMonitor:RX", "", [] ],
    [ "esp:RX", "$serialMonitor:TX", "", [] ],
    [ "esp:D1", "led1:C", "green", [ "h0" ] ],
    [ "led2:C", "esp:D1", "green", [ "v0" ] ],
    [ "led3:C", "esp:D1", "green", [ "v0" ] ],
    [ "r3:2", "led1:A", "green", [ "v0" ] ],
    [ "led2:A", "r1:2", "green", [ "v0", "h19.2" ] ],
    [ "led3:A", "r2:2", "green", [ "v0", "h28.8" ] ],
    [ "r3:1", "esp:19", "green", [ "v0" ] ],
    [ "r1:1", "esp:5", "green", [ "v0" ] ],
    [ "r2:1", "esp:16", "green", [ "v0" ] ]
  ],
  "dependencies": {}
}